,pert_name,pert_mfc_id,dose,feature_name,mse,mse_se,r2,pearson
0,AMG-232,BRD-K64925568-001-01-8,2.5,X_all,0.07665661955821687,0.0002022602099161395,0.9457427204639662,0.9777127407154859
1,AMG-232,BRD-K64925568-001-01-8,2.5,X_ccle,0.08513596898526399,0.0001603313916859962,0.9379009186105857,0.977823864755547
